{
  "Ansi 7 Color (Light)" : {
    "Red Component" : 0.085974723100662231,
    "Color Space" : "sRGB",
    "Blue Component" : 0.63606619834899902,
    "Alpha Component" : 1,
    "Green Component" : 0.991455078125
  },
  "Ansi 15 Color (Light)" : {
    "Red Component" : 0.37535831332206726,
    "Color Space" : "sRGB",
    "Blue Component" : 0.74784088134765625,
    "Alpha Component" : 1,
    "Green Component" : 0.985595703125
  },
  "Ansi 2 Color (Light)" : {
    "Red Component" : 0.323028564453125,
    "Color Space" : "sRGB",
    "Blue Component" : 0.81387829780578613,
    "Alpha Component" : 1,
    "Green Component" : 1
  },
  "Bold Color" : {
    "Red Component" : 0.062745101749896975,
    "Color Space" : "sRGB",
    "Blue Component" : 0.062745101749896975,
    "Alpha Component" : 1,
    "Green Component" : 0.062745101749896975
  },
  "Ansi 1 Color (Dark)" : {
    "Red Component" : 1,
    "Color Space" : "sRGB",
    "Blue Component" : 0.2291107177734375,
    "Alpha Component" : 1,
    "Green Component" : 0.2291107177734375
  },
  "Use Bright Bold" : true,
  "Ansi 9 Color (Light)" : {
    "Red Component" : 1,
    "Color Space" : "sRGB",
    "Blue Component" : 0.69156563282012939,
    "Alpha Component" : 1,
    "Green Component" : 0.330322265625
  },
  "Ansi 8 Color (Dark)" : {
    "Red Component" : 0.38642877340316772,
    "Color Space" : "sRGB",
    "Blue Component" : 0.426361083984375,
    "Alpha Component" : 1,
    "Green Component" : 0.4084809422492981
  },
  "Background Color" : {
    "Red Component" : 0.97999999999999998,
    "Color Space" : "sRGB",
    "Blue Component" : 0.97999999999999998,
    "Alpha Component" : 1,
    "Green Component" : 0.97999999999999998
  },
  "Columns" : 80,
  "Ansi 8 Color" : {
    "Red Component" : 0.40781760215759277,
    "Color Space" : "sRGB",
    "Blue Component" : 0.4078223705291748,
    "Alpha Component" : 1,
    "Green Component" : 0.40782788395881653
  },
  "Right Option Key Sends" : 0,
  "Ansi 4 Color (Light)" : {
    "Red Component" : 0.075206920504570007,
    "Color Space" : "sRGB",
    "Blue Component" : 0.9752197265625,
    "Alpha Component" : 1,
    "Green Component" : 0.46410101652145386
  },
  "Has Hotkey" : false,
  "Blinking Cursor" : false,
  "Selected Text Color (Light)" : {
    "Red Component" : 0,
    "Color Space" : "sRGB",
    "Blue Component" : 0,
    "Alpha Component" : 1,
    "Green Component" : 0
  },
  "Selected Text Color (Dark)" : {
    "Red Component" : 0,
    "Color Space" : "sRGB",
    "Blue Component" : 0,
    "Alpha Component" : 1,
    "Green Component" : 0
  },
  "AWDS Pane Option" : "No",
  "Keyboard Map" : {

  },
  "Ansi 3 Color (Dark)" : {
    "Red Component" : 1,
    "Color Space" : "sRGB",
    "Blue Component" : 0.5145416259765625,
    "Alpha Component" : 1,
    "Green Component" : 0.9531281590461731
  },
  "AWDS Window Option" : "No",
  "Visual Bell" : true,
  "Cursor Text Color" : {
    "Red Component" : 1,
    "Color Space" : "sRGB",
    "Blue Component" : 1,
    "Alpha Component" : 1,
    "Green Component" : 1
  },
  "AWDS Tab Directory" : "",
  "Scrollback Lines" : 1000,
  "Selection Color (Light)" : {
    "Red Component" : 0.21960784494876862,
    "Color Space" : "sRGB",
    "Blue Component" : 0.61176472902297974,
    "Alpha Component" : 1,
    "Green Component" : 1
  },
  "Ansi 0 Color" : {
    "Red Component" : 0.078431375324726105,
    "Color Space" : "sRGB",
    "Blue Component" : 0.11764705926179886,
    "Alpha Component" : 1,
    "Green Component" : 0.098039217293262454
  },
  "Match Background Color (Dark)" : {
    "Red Component" : 0.99697154760360718,
    "Color Space" : "P3",
    "Blue Component" : 0.32116127014160156,
    "Alpha Component" : 1,
    "Green Component" : 0.98600882291793823
  },
  "Ansi 11 Color (Light)" : {
    "Red Component" : 0.989105224609375,
    "Color Space" : "sRGB",
    "Blue Component" : 0.6808851957321167,
    "Alpha Component" : 1,
    "Green Component" : 0.95934605598449707
  },
  "Ansi 5 Color (Dark)" : {
    "Red Component" : 0.78039216995239258,
    "Color Space" : "sRGB",
    "Blue Component" : 0.91764706373214722,
    "Alpha Component" : 1,
    "Green Component" : 0.57254904508590698
  },
  "Cursor Text Color (Light)" : {
    "Red Component" : 0,
    "Color Space" : "sRGB",
    "Blue Component" : 0,
    "Alpha Component" : 1,
    "Green Component" : 0
  },
  "Silence Bell" : false,
  "Rows" : 25,
  "Guid" : "7F01F656-A004-4B11-AD1C-B838F3F11AFF",
  "Ansi 14 Color (Dark)" : {
    "Red Component" : 1,
    "Color Space" : "sRGB",
    "Blue Component" : 0.84414654970169067,
    "Alpha Component" : 1,
    "Green Component" : 0.4145355224609375
  },
  "Ansi 15 Color (Dark)" : {
    "Red Component" : 0.37535831332206726,
    "Color Space" : "sRGB",
    "Blue Component" : 0.74784088134765625,
    "Alpha Component" : 1,
    "Green Component" : 0.985595703125
  },
  "Ansi 0 Color (Dark)" : {
    "Red Component" : 0.043981939554214478,
    "Color Space" : "sRGB",
    "Blue Component" : 0.38177490234375,
    "Alpha Component" : 1,
    "Green Component" : 0.23164466023445129
  },
  "Ambiguous Double Width" : false,
  "Option Key Sends" : 0,
  "Ansi 3 Color" : {
    "Red Component" : 0.78058648109436035,
    "Color Space" : "sRGB",
    "Blue Component" : 0,
    "Alpha Component" : 1,
    "Green Component" : 0.76959484815597534
  },
  "Window Type" : 0,
  "BM Growl" : true,
  "Prompt Before Closing 2" : 0,
  "Command" : "",
  "AWDS Tab Option" : "No",
  "Selected Text Color" : {
    "Red Component" : 0,
    "Color Space" : "sRGB",
    "Blue Component" : 0,
    "Alpha Component" : 1,
    "Green Component" : 0
  },
  "Ansi 14 Color (Light)" : {
    "Red Component" : 1,
    "Color Space" : "sRGB",
    "Blue Component" : 0.84414654970169067,
    "Alpha Component" : 1,
    "Green Component" : 0.4145355224609375
  },
  "Cursor Guide Color (Dark)" : {
    "Red Component" : 0.70213186740875244,
    "Color Space" : "sRGB",
    "Blue Component" : 1,
    "Alpha Component" : 0.25,
    "Green Component" : 0.9268307089805603
  },
  "Blend" : 0.50255768490533759,
  "ASCII Ligatures" : true,
  "Send Code When Idle" : false,
  "Ansi 6 Color" : {
    "Red Component" : 0,
    "Color Space" : "sRGB",
    "Blue Component" : 0.78166204690933228,
    "Alpha Component" : 1,
    "Green Component" : 0.77425903081893921
  },
  "Jobs to Ignore" : [
    "rlogin",
    "ssh",
    "slogin",
    "telnet"
  ],
  "Badge Color (Dark)" : {
    "Red Component" : 1,
    "Color Space" : "sRGB",
    "Blue Component" : 0,
    "Alpha Component" : 0.5,
    "Green Component" : 0.1491314172744751
  },
  "Cursor Color" : {
    "Red Component" : 0,
    "Color Space" : "sRGB",
    "Blue Component" : 0,
    "Alpha Component" : 1,
    "Green Component" : 0
  },
  "Vertical Spacing" : 1,
  "Bound Hosts" : [

  ],
  "Disable Window Resizing" : true,
  "Close Sessions On End" : true,
  "Selection Color (Dark)" : {
    "Red Component" : 0.21960784494876862,
    "Color Space" : "sRGB",
    "Blue Component" : 0.61176472902297974,
    "Alpha Component" : 1,
    "Green Component" : 1
  },
  "Default Bookmark" : "No",
  "Foreground Color (Light)" : {
    "Red Component" : 0.92460542917251587,
    "Color Space" : "sRGB",
    "Blue Component" : 0.958740234375,
    "Alpha Component" : 1,
    "Green Component" : 0.86991167068481445
  },
  "Custom Command" : "No",
  "Background Color (Dark)" : {
    "Red Component" : 0.0050667347386479378,
    "Color Space" : "sRGB",
    "Blue Component" : 0.09246826171875,
    "Alpha Component" : 1,
    "Green Component" : 0.046817716211080551
  },
  "Ansi 9 Color" : {
    "Red Component" : 0.8659515380859375,
    "Color Space" : "sRGB",
    "Blue Component" : 0.45833224058151245,
    "Alpha Component" : 1,
    "Green Component" : 0.47524076700210571
  },
  "Ansi 14 Color" : {
    "Red Component" : 0.37597531080245972,
    "Color Space" : "sRGB",
    "Blue Component" : 1,
    "Alpha Component" : 1,
    "Green Component" : 0.99263292551040649
  },